First Name,Count
Emily,25953
Hannah,23069
Madison,19967
Ashley,17994
Sarah,17681
Alexis,17627
Samantha,17264
Jessica,15701
Elizabeth,15085
Taylor,15078
Lauren,14172
Alyssa,13552
Kayla,13310
Abigail,13087
Brianna,12873
Olivia,12852
Emma,12537
Megan,11433
Grace,11282
Victoria,10921
Rachel,10659
Anna,10574
Sydney,10242
Destiny,9842
Morgan,9502
Jennifer,9386
Jasmine,9092
Haley,9067
Julia,8764
Kaitlyn,8757
Nicole,8559
Amanda,8549
Katherine,8106
Natalie,8093
Hailey,7826
Alexandra,7545
Savannah,7096
Chloe,7094
Rebecca,7053
Stephanie,7027
Maria,6850
Sophia,6560
Mackenzie,6348
Allison,6313
Isabella,6242
Amber,6182
Mary,6179
Danielle,6087
Gabrielle,5867
Jordan,5808
Brooke,5640
Michelle,5542
Sierra,5519
Katelyn,5501
Andrea,5473
Madeline,5370
Sara,5314
Kimberly,5240
Courtney,5239
Erin,5183
Brittany,5180
Vanessa,5133
Jenna,5045
Jacqueline,5035
Caroline,5019
Faith,4999
Makayla,4916
Bailey,4647
Paige,4608
Shelby,4557
Melissa,4528
Kaylee,4492
Christina,4320
Trinity,4282
Mariah,4103
Caitlin,4102
Autumn,4024
Marissa,4022
Breanna,3823
Angela,3821
Catherine,3797
Zoe,3784
Briana,3755
Jada,3747
Laura,3730
Claire,3710
Alexa,3674
Kelsey,3669
Kathryn,3640
Leslie,3619
Alexandria,3547
Sabrina,3465
Mia,3449
Isabel,3446
Molly,3399
Leah,3392
Katie,3386
Gabriella,3367
Cheyenne,3366
Cassandra,3304
Isabel,3446
Molly,3399
Leah,3392
Katie,3386
Gabriella,3367
Cheyenne,3366
Cassandra,3304
